mall_name,mall_address,mall_contact_no,image_link,mall_link
SM Center Angono,"Manila East Road, Brgy. San Isidro, Angono, Rizal",(02) 8997-9451 to 54,https://www.smsupermalls.com/data/uploads/2018/04/SMAN.jpg,https://www.smsupermalls.com/mall-directory/sm-center-angono/information
SM Aura Premier,"26th Street Corner McKinley Parkway Bonifacio Global City, Taguig City Philippines",(02) 8815-2872,https://www.smsupermalls.com/data/uploads/2018/04/SMAU.jpg,https://www.smsupermalls.com/mall-directory/sm-aura-premier/information
SM City BF Parañaque,"Dr. Santos Ave. cor. President Avenue, Teoville Subdivision, BF Homes, Parañaque, Philippines",(02) 8808-6306,https://www.smsupermalls.com/data/uploads/2018/04/SMBF.jpg,https://www.smsupermalls.com/mall-directory/sm-city-bf-parañaque/information
SM City Bicutan,"Doña Soledad Avenue corner South Luzon Expressway, Bicutan, Parañaque, Metro Manila",(02) 8776-3061 to 65,https://www.smsupermalls.com/data/uploads/2018/04/SMBT.jpg,https://www.smsupermalls.com/mall-directory/sm-city-bicutan/information
SM By the Bay,"Seaside Boulevard, Mall of Asia Complex, Pasay, 1300 Metro Manila",(02) 8556-0364,https://www.smsupermalls.com/themes/default/img/placeholder.jpg,https://www.smsupermalls.com/mall-directory/sm-by-the-bay/information
SM Cherry Congressional,"Pangilinan St, Project 8, Quezon City, Metro Manila",(02) 8285-5564,https://www.smsupermalls.com/data/uploads/2018/04/CHERRY-CONGRESSIONAL.jpg,https://www.smsupermalls.com/mall-directory/sm-cherry-congressional/information
SM City East Ortigas,"Ortigas Avenue Ext., Brgy. Sta. Lucia, Pasig City",(02) 8721-1761 to 62,https://www.smsupermalls.com/data/uploads/2018/04/SMEO.jpg,https://www.smsupermalls.com/mall-directory/sm-city-east-ortigas/information
SM City Fairview,"Quirino Highway corner Regalado Avenue, Novaliches, Quezon City, Philippines","(02) 8935-1729 , (02) 8936-8388",https://www.smsupermalls.com/data/uploads/2018/04/SMCF.jpg,https://www.smsupermalls.com/mall-directory/sm-city-fairview/information
SM Center Las Piñas,"Alabang-Zapote Road, Brgy. Pamplona 2, Las Piñas, Metro Manila, Philippines",(02) 8846-7890 to 93,https://www.smsupermalls.com/data/uploads/2018/04/SMPN.jpg,https://www.smsupermalls.com/mall-directory/sm-center-las-piñas/information
SM Mall of Asia,"SM Mall of Asia,Seaside Blvd.,Pasay City, Philippines",(02) 8556-0680,https://www.smsupermalls.com/data/uploads/2018/04/SMOA.jpg,https://www.smsupermalls.com/mall-directory/sm-mall-of-asia/information
SM City Manila,"Natividad Almeda-Lopez corner A. Villegas and San Marcelino Streets, Ermita, Manila, Philippines",(02) 8523-7044,https://www.smsupermalls.com/data/uploads/2018/04/SMCM.jpg,https://www.smsupermalls.com/mall-directory/sm-city-manila/information
SM City Marikina,"Brgy. Calumpang, Marikina City, Philippines",(02) 8477-1788 to 90,https://www.smsupermalls.com/data/uploads/2018/04/SMMK.jpg,https://www.smsupermalls.com/mall-directory/sm-city-marikina/information
SM City Masinag,"Marcos Highway, Brgy. Mayamot, Masinag, Antipolo City, Rizal",(02) 8655-1747,https://www.smsupermalls.com/data/uploads/2018/04/SMMS.jpg,https://www.smsupermalls.com/mall-directory/sm-city-masinag/information
SM Megamall,"EDSA corner Doña Julia Vargas Ave., Ortigas Center, Wack-Wack Greenhills, Mandaluyong, Philippines",(02) 8633-5042 to 46 / (02) 8633-1769,https://www.smsupermalls.com/data/uploads/2018/04/SMMG.jpg,https://www.smsupermalls.com/mall-directory/sm-megamall/information
SM Center Muntinlupa,"Tunasan, Muntinlupa City, Metro Manila","(02) 8862-5693, (02) 8862-5873 to 74",https://www.smsupermalls.com/data/uploads/2018/04/SMMT.jpg,https://www.smsupermalls.com/mall-directory/sm-center-muntinlupa/information
SM City North EDSA,"North Avenue corner EDSA, Quezon City, 1100 Metro Manila",(02) 8929-6686 to 89,https://www.smsupermalls.com/data/uploads/2018/04/SMNE1.jpg,https://www.smsupermalls.com/mall-directory/sm-city-north-edsa/information
SM City Novaliches,"Quirino Highway, Brgy. San Bartolome, Novaliches, Quezon City, Philippines",(02) 8442-5128,https://www.smsupermalls.com/data/uploads/2018/04/SMNV.jpg,https://www.smsupermalls.com/mall-directory/sm-city-novaliches/information
SM Center Pasig,"Eulogio Rodriguez Jr. Ave. cor. Doña Julia Vargas Ave., Frontera Verde, Ortigas Center, Ugong, Pasig City, Metro Manila, Philippines",(02) 8637-6223,https://www.smsupermalls.com/data/uploads/2018/04/SMPS.jpg,https://www.smsupermalls.com/mall-directory/sm-center-pasig/information
S Maison,"Seaside Boulevard, Coral Way, Pasay, 1300 Metro Manila",(02) 7946-3848,https://www.smsupermalls.com/data/uploads/2018/04/S-MAISON.jpg,https://www.smsupermalls.com/mall-directory/s-maison/information
SM City San Lazaro,"Felix Huertas Street corner Lacson Avenue (C-2 Road), Santa Cruz, Manila, Philippines",(02) 8516-9239,https://www.smsupermalls.com/data/uploads/2018/04/SMSL.jpg,https://www.smsupermalls.com/mall-directory/sm-city-san-lazaro/information
SM City San Mateo,"Gen. A. Luna Avenue, Brgy. Ampid 1, San Mateo, Rizal","(02) 7625-4479, (02) 7625-4487",https://www.smsupermalls.com/data/uploads/2018/04/SMMA.jpg,https://www.smsupermalls.com/mall-directory/sm-city-san-mateo/information
SM Cherry Shaw,"Shaw Boulevard, Brgy. Pleasant Hills, Mandaluyong City",(02) 8535-5763,https://www.smsupermalls.com/data/uploads/2018/04/CHERRY-SHAW.jpg,https://www.smsupermalls.com/mall-directory/sm-cherry-shaw/information
SM Southmall,"Alabang-Zapote Road, Pilar Village, Almanza Uno, Las Piñas, Metro Manila, Philippines",(02) 8800-0447 to 54,https://www.smsupermalls.com/data/uploads/2018/04/SMSM.jpg,https://www.smsupermalls.com/mall-directory/sm-southmall/information
SM City Sta. Mesa,"R. Magsaysay cor. G Araneta Ave, Dona Imelda Quezon City 1113",(02) 8715-0681 to 85,https://www.smsupermalls.com/data/uploads/2018/04/SMST.jpg,https://www.smsupermalls.com/mall-directory/sm-city-sta-mesa/information
SM City Sucat,"Dr. Santos Ave. corner Carlos P. Garcia Avenue Extension, San Dionisio, Parañaque City, Philippines",(02) 8829-8816,https://www.smsupermalls.com/data/uploads/2018/04/SMSC.jpg,https://www.smsupermalls.com/mall-directory/sm-city-sucat/information
SM City Taytay,"Manila East Road, Dolores, Taytay, Rizal",(02) 8661-2033 to 37,https://www.smsupermalls.com/data/uploads/2018/04/SMTT.jpg,https://www.smsupermalls.com/mall-directory/sm-city-taytay/information
The Podium,12 ADB Ave. Ortigas CDB,(02) 86389781-85,https://www.smsupermalls.com/data/uploads/2018/04/podium.jpg,https://www.smsupermalls.com/mall-directory/the-podium/information
SM City Baguio,"Luneta Hill, Upper Session Road, Baguio City, Benguet, Philippines",(+6374) 6197838 - 42,https://www.smsupermalls.com/data/uploads/2018/04/SMBG.jpg,https://www.smsupermalls.com/mall-directory/sm-city-baguio/information
SM City Baliwag,"DRT Highway, Brgy. Pagala, Baliuag, Bulacan",(+6344) 7610723,https://www.smsupermalls.com/data/uploads/2018/04/SMBL.jpg,https://www.smsupermalls.com/mall-directory/sm-city-baliwag/information
SM City Cabanatuan,"Brgy. H. Concepcion, Along Maharlika Highway, Cabanatuan City, Nueva Ecija 3100",(+6344) 329-3564,https://www.smsupermalls.com/data/uploads/2018/04/SMCT1.jpg,https://www.smsupermalls.com/mall-directory/sm-city-cabanatuan/information
SM City Cauayan,"Maharlika Highway, Brgy. District II 3305, Cauayan City, Isabela",(+6378) 323-0913,https://www.smsupermalls.com/data/uploads/2018/04/SMCA.jpg,https://www.smsupermalls.com/mall-directory/sm-city-cauayan/information
SM City Clark,"Manuel A. Roxas Highway, Clark Freeport, Barangay Malabanias, Angeles City, Pampanga, Philippines",(+6345) 4990198 - 99,https://www.smsupermalls.com/data/uploads/2018/04/SMCK.jpg,https://www.smsupermalls.com/mall-directory/sm-city-clark/information
SM Center Dagupan,M.H. Del Pilar & Herroro St Dagupan City Pangasinan,(075) 522-0062,https://www.smsupermalls.com/data/uploads/2019/10/SMDA-thumb.jpg,https://www.smsupermalls.com/mall-directory/sm-center-dagupan/information
SM City Marilao,"MacArthur Highway, Ibayo, Marilao, Bulacan, Philippines",(+6344) 8158913,https://www.smsupermalls.com/data/uploads/2019/01/Mall-Directory-Thumb.jpg,https://www.smsupermalls.com/mall-directory/sm-city-marilao/information
SM Megacenter Cabanatuan,"Gen. Tinio Street, Brgy. San Roque Norte, 3100 Cabanatuan City, Nueva Ecija",(044) 4636354,https://www.smsupermalls.com/data/uploads/2019/09/SMMC.jpg,https://www.smsupermalls.com/mall-directory/sm-megacenter-cabanatuan/information
SM City Olongapo Downtown,"Magsaysay Drive cor. Gordon Avenue, Olongapo City, Zambales, Philippines",(+6347) 6020012 - 14,https://www.smsupermalls.com/data/uploads/2018/04/SMOL.jpg,https://www.smsupermalls.com/mall-directory/sm-city-olongapo-downtown/information
SM City Olongapo Central,"Rizal Avenue, Barangay East Tapinac,  2200 Olongapo City, Zambales  Philippines",,https://www.smsupermalls.com/data/uploads/2019/09/SMOC-thumb.jpg,https://www.smsupermalls.com/mall-directory/sm-city-olongapo-central/information
SM City Pampanga,"Olongapo-Gapan Road, Lagundi, Mexico, Pampanga (East Wing) and San Jose, San Fernando, Pampanga",(+6345) 9637681 - 85,https://www.smsupermalls.com/data/uploads/2018/04/SMPP.jpg,https://www.smsupermalls.com/mall-directory/sm-city-pampanga/information
SM Center Pulilan,"Pulilan Diversion Road, Brgy. Sto. Cristo
Pulilan, Bulacan",,https://www.smsupermalls.com/data/uploads/2018/04/SMPL.jpg,https://www.smsupermalls.com/mall-directory/sm-center-pulilan/information
SM City Rosales,"MacArthur Highway, Barangay Carmen East, Rosales, Pangasinan, Philippines",(+6375) 6530259 - 60,https://www.smsupermalls.com/data/uploads/2018/04/SMRS.jpg,https://www.smsupermalls.com/mall-directory/sm-city-rosales/information
SM City San Fernando Downtown,"V. Tomico Street cor. Consunji Street, Downtown Heritage District, Sto. Rosario, City of San Fernando, Pampanga",(+6345) 4350923 - 25,https://www.smsupermalls.com/data/uploads/2018/04/SMSF.jpg,https://www.smsupermalls.com/mall-directory/sm-city-san-fernando-downtown/information
SM City San Jose Del Monte,"Quirino Highway, Barangay Tungkong Mangga",(02) 8831 7000,https://www.smsupermalls.com/data/uploads/2018/04/SMSJ.jpg,https://www.smsupermalls.com/mall-directory/sm-city-san-jose-del-monte/information
SM Center Sangandaan,Marcelo H Del Pilar St cor Samson Road Brgy 003 Caloocan City 1408,"(02) 7946-7075, (02) 7946-7208",https://www.smsupermalls.com/data/uploads/2018/04/SMSD.jpg,https://www.smsupermalls.com/mall-directory/sm-center-sangandaan/information
SM City Telabastagan,"MAC ARTHUR HIGHWAY, BRGY. TELABASTAGAN, CITY OF SAN FERNANDO, PAMPANGA 2000 PHILIPPINES",045 887 - 2578,https://www.smsupermalls.com/data/uploads/2019/09/SMTB.jpg,https://www.smsupermalls.com/mall-directory/sm-city-telabastagan/information
SM City Urdaneta Central,"Barangay Nancayasan, Urdaneta City, Pangasinan 2428",(075) 600 5446,https://www.smsupermalls.com/data/uploads/2019/09/SMUD.jpg,https://www.smsupermalls.com/mall-directory/sm-city-urdaneta-central/information
SM City Tarlac,"MacArthur Highway, Brgy. San Roque, Tarlac City, Tarlac, Philippines",,https://www.smsupermalls.com/data/uploads/2018/04/SMTL.jpg,https://www.smsupermalls.com/mall-directory/sm-city-tarlac/information
SM Center Tuguegarao Downtown,"SM Center Tuguegarao Downtown, Luna St. cor. Mabini St., Ugac Sur, Tuguegarao City, 3500, Cagayan, Philippines",8248024,https://www.smsupermalls.com/data/uploads/2018/04/SMTD.jpg,https://www.smsupermalls.com/mall-directory/sm-center-tuguegarao-downtown/information
SM City Valenzuela,"MacArthur Highway, Brgy. Karuhatan, Valenzuela, Metro Manila",(02) 8292-0023 to 24,https://www.smsupermalls.com/data/uploads/2018/04/SMVL.jpg,https://www.smsupermalls.com/mall-directory/sm-city-valenzuela/information
SM Cherry Antipolo,"Cherry Antipolo, Marcos Highway, Barangay Mayamot, Antipolo City",(02) 8635-6482,https://www.smsupermalls.com/data/uploads/2018/04/CHERRY-ANTIPOLO.jpg,https://www.smsupermalls.com/mall-directory/sm-cherry-antipolo/information
SM City Bacoor,"2/F SM City Bacoor Tirona Highway, corner Emilio Aguinaldo Highway, Bacoor, 4102, Cavite",(046) 417 0332,https://www.smsupermalls.com/data/uploads/2018/04/SMCB.jpg,https://www.smsupermalls.com/mall-directory/sm-city-bacoor/information
SM City Batangas,"Pastor Village, Brgy. Pallocan Kanluran, Batangas City, Batangas, Philippines",(+6343) 722.0276,https://www.smsupermalls.com/data/uploads/2018/04/SMBA.jpg,https://www.smsupermalls.com/mall-directory/sm-city-batangas/information
SM City Calamba,"National Road, Calamba City Triangle, Brgy. Real, Calamba City, Laguna, Philippines",(+6349) 5300062,https://www.smsupermalls.com/data/uploads/2018/04/SMCT.jpg,https://www.smsupermalls.com/mall-directory/sm-city-calamba/information
SM City Dasmariñas,"Governor's Drive corner Aguinaldo Highway, Brgy. Sampaloc 1, Dasmariñas City, Cavite, Philippines",(02) 8885-7494,https://www.smsupermalls.com/data/uploads/2018/04/SMDM.jpg,https://www.smsupermalls.com/mall-directory/sm-city-dasmariñas/information
SM Center Imus,"SM Center Imus, Along NIA Road, Bgy. Alapan IC, Imus City, Cavite.","(046) 4351877, (046) 4247851",https://www.smsupermalls.com/data/uploads/2019/09/SMIM.jpg,https://www.smsupermalls.com/mall-directory/sm-center-imus/information
SM Center Lemery,"Illustre Avenue corner Calle P. Gomez Street, District IV, Lemery, Batangas",741-53-03 / 741-53-05,https://www.smsupermalls.com/data/uploads/2018/04/SMLM.jpg,https://www.smsupermalls.com/mall-directory/sm-center-lemery/information
SM City Lipa,"JP Laurel Highway, Lipa City",(+6343) 7840368,https://www.smsupermalls.com/data/uploads/2018/04/SMLP.jpg,https://www.smsupermalls.com/mall-directory/sm-city-lipa/information
SM City Lucena,"Maharlika Highway corner Dalahican Road, Ibabang Dupay, Lucena City, Quezon, Philippines",(+6342) 7108977 - 80,https://www.smsupermalls.com/data/uploads/2018/04/SMLC.jpg,https://www.smsupermalls.com/mall-directory/sm-city-lucena/information
SM City Molino,"Molino Paliparan Road, Brgy. Molino 4, Bacoor City, Cavite, Philippines",(+6346) 4743152,https://www.smsupermalls.com/data/uploads/2018/04/SMML.jpg,https://www.smsupermalls.com/mall-directory/sm-city-molino/information
SM City Naga,"Ninoy and Cory Aquino Avenue, Central Business District II, Triangulo, Naga City, Camarines Sur, Philippines",(+6354) 4720330 - 33,https://www.smsupermalls.com/data/uploads/2018/04/SMNG.jpg,https://www.smsupermalls.com/mall-directory/sm-city-naga/information
SM City Puerto Princesa,"Malvar Street, Brgy. San Miguel, Puerto Princesa City, Palawan, 5300",(048) 433 2807,https://www.smsupermalls.com/data/uploads/2018/04/SMPU.jpg,https://www.smsupermalls.com/mall-directory/sm-city-puerto-princesa/information
SM City Rosario,"General Trias Drive cor. Costa Verde Access Road, Tejeros Convention, Rosario, Cavite, Philippines",(02) 8584-4313,https://www.smsupermalls.com/data/uploads/2018/04/SMRO.jpg,https://www.smsupermalls.com/mall-directory/sm-city-rosario/information
SM City San Pablo,"Maharlika Highway, Riverina Residential and Commercial Estates, San Rafael, San Pablo City, Laguna, Philippines",(+632) 5190229,https://www.smsupermalls.com/data/uploads/2018/04/SMPB.jpg,https://www.smsupermalls.com/mall-directory/sm-city-san-pablo/information
SM City Santa Rosa,"Old National Highway, Brgy. Tagapo, Sta. Rosa City, Laguna, Philippines",(02) 7901-2025 to 26,https://www.smsupermalls.com/data/uploads/2018/04/SMSR.jpg,https://www.smsupermalls.com/mall-directory/sm-city-santa-rosa/information
SM City Legazpi,"SM City Legazpi Imelda Roces Avenue, Zone 9 Brgy. 37 Bitano, Legazpi City 4500",742-4014,https://www.smsupermalls.com/data/uploads/2018/10/SMLG-facade.jpg,https://www.smsupermalls.com/mall-directory/sm-city-legazpi/information
SM City Trece Martires,"Governor's Dr, Trece Martires, Cavite",(046) 514-0422-23 / 25,https://www.smsupermalls.com/data/uploads/2018/04/SMTM.jpg,https://www.smsupermalls.com/mall-directory/sm-city-trece-martires/information
SM City Bacolod,"Rizal Street, Reclamation Area, Bacolod City, Philippines",(+6334) 4680209,https://www.smsupermalls.com/data/uploads/2018/04/SMBD.jpg,https://www.smsupermalls.com/mall-directory/sm-city-bacolod/information
SM City Cebu,"Juan Luna Ave. cor. Cabahug and Kaoshiung Streets, North Reclamation Area, Cebu Port Center, Mabolo, Cebu City",(+6332) 2310557,https://www.smsupermalls.com/data/uploads/2018/04/SMCC.jpg,https://www.smsupermalls.com/mall-directory/sm-city-cebu/information
SM City Consolacion,"Rizal Avenue (Cebu North Road), Brgy. Lamac, Consolacion, Cebu, Philippines",(+6332) 2600132 - 33,https://www.smsupermalls.com/data/uploads/2018/04/SMCS.jpg,https://www.smsupermalls.com/mall-directory/sm-city-consolacion/information
SM City Iloilo,"Senator Benigno Aquino Jr. Avenue, Jaro West Diversion Road, Mandurriao District, Iloilo City, Iloilo, Philippines",(02) 8862-6266,https://www.smsupermalls.com/data/uploads/2018/04/SMCI.jpg,https://www.smsupermalls.com/mall-directory/sm-city-iloilo/information
SM Seaside City Cebu,"South Road Properties, Cebu City",(032) 340-8756  |  (032) 340-8761  |  (032) 340-8735,https://www.smsupermalls.com/data/uploads/2018/04/SMSS.jpg,https://www.smsupermalls.com/mall-directory/sm-seaside-city-cebu/information
SM Center Ormoc,"SM Center Ormoc, Real Street, Barangay District 14, Ormoc City, Leyte 6541",(053) 560 – 9865,https://www.smsupermalls.com/data/uploads/2018/11/SMOR_PERSP_FINAL_02.jpeg,https://www.smsupermalls.com/mall-directory/sm-center-ormoc/information
SM City Cagayan De Oro,"Fr. Masterson Avenue Cor. Gran Via St., Pueblo de Oro Township, Uptown Carmen, Cagayan de Oro, Misamis Oriental, Philippines",(+6388) 8592885 - 88,https://www.smsupermalls.com/data/uploads/2018/04/SMCO.jpg,https://www.smsupermalls.com/mall-directory/sm-city-cagayan-de-oro/information
SM CDO Downtown Premier,"Claro M. Recto Ave, Cagayan de Oro, Misamis Oriental",859 1945,https://www.smsupermalls.com/data/uploads/2018/04/SMCG.jpg,https://www.smsupermalls.com/mall-directory/sm-cdo-downtown-premier/information
SM City Davao,"Quimpo Blvd cor. Tulip and Ecoland Drive, Ecoland Subd., Matina, Davao City, Philippines",(+6382) 2976998,https://www.smsupermalls.com/data/uploads/2018/04/SMCD.jpg,https://www.smsupermalls.com/mall-directory/sm-city-davao/information
SM City General Santos,"San Miguel Street, Lagao, General Santos City, South Cotabato",(+6383) 8780667,https://www.smsupermalls.com/data/uploads/2018/04/SMGS.jpg,https://www.smsupermalls.com/mall-directory/sm-city-general-santos/information
SM Lanang Premier,"J.P. Laurel Ave., Brgy. San Antonio, Agdao District, Davao City",(+632) 2850943 - 45,https://www.smsupermalls.com/data/uploads/2018/04/SMLA.jpg,https://www.smsupermalls.com/mall-directory/sm-lanang-premier/information
